{
    "LastValue": {
        "MAE": 0.4218885004520416,
        "RMSE": 0.730065643787384,
        "MAPE": 0.19724439084529877,
        "R2": 0.5169140100479126
    },
    "MovingAvg48": {
        "MAE": 0.6953744888305664,
        "RMSE": 0.972370445728302,
        "MAPE": 0.3178371787071228,
        "R2": 0.14303290843963623
    },
    "TinyCNN": {
        "MAE": 0.4612717628479004,
        "RMSE": 0.6893609762191772,
        "MAPE": 0.21726645529270172,
        "R2": 0.5692809820175171
    },
    "RandomForest": {
        "MAE": 0.48497764793573256,
        "RMSE": 0.7001753589505907,
        "MAPE": 0.2342225806313147,
        "R2": 0.5556611357143643
    },
    "XGBoost": {
        "MAE": 0.5011571049690247,
        "RMSE": 0.7087796926498413,
        "MAPE": 0.239266499876976,
        "R2": 0.5446732044219971
    }
}