{
    "MAE": 0.714935839176178,
    "RMSE": 0.9625314474105835,
    "MAPE": 0.32274916768074036,
    "R2": 0.16028767824172974
}