{
    "MAE": 0.8225241303443909,
    "RMSE": 1.141855001449585,
    "MAPE": 0.3717791736125946,
    "R2": -0.18174171447753906
}