{
    "MAE": 0.584963321685791,
    "RMSE": 0.8439022302627563,
    "MAPE": 0.25109732151031494,
    "R2": 0.354516863822937
}