{
    "MAE": 0.5569928288459778,
    "RMSE": 0.8361889719963074,
    "MAPE": 0.23079119622707367,
    "R2": 0.36626237630844116
}